Id,SepalLengthCm,SepalWidthCm,PetalLengthCm,PetalWidthCm,Species
115,5.8,2.8,5.1,2.4,Iris-virginica
137,6.3,3.4,5.6,2.4,Iris-virginica
54,5.5,2.3,4.0,1.3,Iris-versicolor
20,5.1,3.8,1.5,0.3,Iris-setosa
39,4.4,3.0,1.3,0.2,Iris-setosa
111,6.5,3.2,5.1,2.0,Iris-virginica
24,5.1,3.3,1.7,0.5,Iris-setosa
10,4.9,3.1,1.5,0.1,Iris-setosa
87,6.7,3.1,4.7,1.5,Iris-versicolor
92,6.1,3.0,4.6,1.4,Iris-versicolor
90,5.5,2.5,4.0,1.3,Iris-versicolor
80,5.7,2.6,3.5,1.0,Iris-versicolor
102,5.8,2.7,5.1,1.9,Iris-virginica
66,6.7,3.1,4.4,1.4,Iris-versicolor
116,6.4,3.2,5.3,2.3,Iris-virginica
42,4.5,2.3,1.3,0.3,Iris-setosa
125,6.7,3.3,5.7,2.1,Iris-virginica
96,5.7,3.0,4.2,1.2,Iris-versicolor
22,5.1,3.7,1.5,0.4,Iris-setosa
12,4.8,3.4,1.6,0.2,Iris-setosa
104,6.3,2.9,5.6,1.8,Iris-virginica
75,6.4,2.9,4.3,1.3,Iris-versicolor
123,7.7,2.8,6.7,2.0,Iris-virginica
119,7.7,2.6,6.9,2.3,Iris-virginica
45,5.1,3.8,1.9,0.4,Iris-setosa
52,6.4,3.2,4.5,1.5,Iris-versicolor
82,5.5,2.4,3.7,1.0,Iris-versicolor
150,5.9,3.0,5.1,1.8,Iris-virginica
13,4.8,3.0,1.4,0.1,Iris-setosa
130,7.2,3.0,5.8,1.6,Iris-virginica
57,6.3,3.3,4.7,1.6,Iris-versicolor
51,7.0,3.2,4.7,1.4,Iris-versicolor
26,5.0,3.0,1.6,0.2,Iris-setosa
129,6.4,2.8,5.6,2.1,Iris-virginica
147,6.3,2.5,5.0,1.9,Iris-virginica
44,5.0,3.5,1.6,0.6,Iris-setosa
2,4.9,3.0,1.4,0.2,Iris-setosa
72,6.1,2.8,4.0,1.3,Iris-versicolor
55,6.5,2.8,4.6,1.5,Iris-versicolor
101,6.3,3.3,6.0,2.5,Iris-virginica
15,5.8,4.0,1.2,0.2,Iris-setosa
7,4.6,3.4,1.4,0.3,Iris-setosa
81,5.5,2.4,3.8,1.1,Iris-versicolor
27,5.0,3.4,1.6,0.4,Iris-setosa
71,5.9,3.2,4.8,1.8,Iris-versicolor
140,6.9,3.1,5.4,2.1,Iris-virginica
31,4.8,3.1,1.6,0.2,Iris-setosa
109,6.7,2.5,5.8,1.8,Iris-virginica
16,5.7,4.4,1.5,0.4,Iris-setosa
19,5.7,3.8,1.7,0.3,Iris-setosa
78,6.7,3.0,5.0,1.7,Iris-versicolor
23,4.6,3.6,1.0,0.2,Iris-setosa
11,5.4,3.7,1.5,0.2,Iris-setosa
59,6.6,2.9,4.6,1.3,Iris-versicolor
108,7.3,2.9,6.3,1.8,Iris-virginica
76,6.6,3.0,4.4,1.4,Iris-versicolor
65,5.6,2.9,3.6,1.3,Iris-versicolor
70,5.6,2.5,3.9,1.1,Iris-versicolor
4,4.6,3.1,1.5,0.2,Iris-setosa
41,5.0,3.5,1.3,0.3,Iris-setosa
77,6.8,2.8,4.8,1.4,Iris-versicolor
135,6.1,2.6,5.6,1.4,Iris-virginica
35,4.9,3.1,1.5,0.1,Iris-setosa
28,5.2,3.5,1.5,0.2,Iris-setosa
95,5.6,2.7,4.2,1.3,Iris-versicolor
86,6.0,3.4,4.5,1.6,Iris-versicolor
98,6.2,2.9,4.3,1.3,Iris-versicolor
103,7.1,3.0,5.9,2.1,Iris-virginica
53,6.9,3.1,4.9,1.5,Iris-versicolor
93,5.8,2.6,4.0,1.2,Iris-versicolor
100,5.7,2.8,4.1,1.3,Iris-versicolor
106,7.6,3.0,6.6,2.1,Iris-virginica
8,5.0,3.4,1.5,0.2,Iris-setosa
49,5.3,3.7,1.5,0.2,Iris-setosa
62,5.9,3.0,4.2,1.5,Iris-versicolor
121,6.9,3.2,5.7,2.3,Iris-virginica
138,6.4,3.1,5.5,1.8,Iris-virginica
126,7.2,3.2,6.0,1.8,Iris-virginica
148,6.5,3.0,5.2,2.0,Iris-virginica
40,5.1,3.4,1.5,0.2,Iris-setosa
85,5.4,3.0,4.5,1.5,Iris-versicolor
3,4.7,3.2,1.3,0.2,Iris-setosa
68,5.8,2.7,4.1,1.0,Iris-versicolor
56,5.7,2.8,4.5,1.3,Iris-versicolor
50,5.0,3.3,1.4,0.2,Iris-setosa
69,6.2,2.2,4.5,1.5,Iris-versicolor
141,6.7,3.1,5.6,2.4,Iris-virginica
79,6.0,2.9,4.5,1.5,Iris-versicolor
145,6.7,3.3,5.7,2.5,Iris-virginica
112,6.4,2.7,5.3,1.9,Iris-virginica
33,5.2,4.1,1.5,0.1,Iris-setosa
74,6.1,2.8,4.7,1.2,Iris-versicolor
48,4.6,3.2,1.4,0.2,Iris-setosa
149,6.2,3.4,5.4,2.3,Iris-virginica
114,5.7,2.5,5.0,2.0,Iris-virginica
97,5.7,2.9,4.2,1.3,Iris-versicolor
58,4.9,2.4,3.3,1.0,Iris-versicolor
124,6.3,2.7,4.9,1.8,Iris-virginica
107,4.9,2.5,4.5,1.7,Iris-virginica
84,6.0,2.7,5.1,1.6,Iris-versicolor
18,5.1,3.5,1.4,0.3,Iris-setosa
99,5.1,2.5,3.0,1.1,Iris-versicolor
67,5.6,3.0,4.5,1.5,Iris-versicolor
127,6.2,2.8,4.8,1.8,Iris-virginica
110,7.2,3.6,6.1,2.5,Iris-virginica
